<?xml version="1.0" encoding="UTF-8"?>
<plannerBenchmark>
  <benchmarkDirectory>local/data/vehiclerouting</benchmarkDirectory>
  <warmUpSecondsSpentLimit>30</warmUpSecondsSpentLimit>

  <inheritedSolverBenchmark>
    <problemBenchmarks>
      <solutionFileIOClass>org.optaplanner.examples.vehiclerouting.persistence.VehicleRoutingFileIO</solutionFileIOClass>
      <!-- Belgium datasets -->
      <inputSolutionFile>data/vehiclerouting/import/belgium/basic/air/belgium-n50-k10.vrp</inputSolutionFile>
      <inputSolutionFile>data/vehiclerouting/import/belgium/basic/air/belgium-n100-k10.vrp</inputSolutionFile>
      <inputSolutionFile>data/vehiclerouting/import/belgium/basic/air/belgium-n500-k20.vrp</inputSolutionFile>
      <inputSolutionFile>data/vehiclerouting/import/belgium/basic/air/belgium-n1000-k20.vrp</inputSolutionFile>
      <inputSolutionFile>data/vehiclerouting/import/belgium/basic/air/belgium-n2750-k55.vrp</inputSolutionFile>
    </problemBenchmarks>

    <solver>
      <solutionClass>org.optaplanner.examples.vehiclerouting.domain.VehicleRoutingSolution</solutionClass>
      <entityClass>org.optaplanner.examples.vehiclerouting.domain.Standstill</entityClass>
      <entityClass>org.optaplanner.examples.vehiclerouting.domain.Customer</entityClass>
      <entityClass>org.optaplanner.examples.vehiclerouting.domain.timewindowed.TimeWindowedCustomer</entityClass>

      <scoreDirectorFactory>
        <initializingScoreTrend>ONLY_DOWN</initializingScoreTrend>
      </scoreDirectorFactory>
      <termination>
        <secondsSpentLimit>60</secondsSpentLimit>
      </termination>
    </solver>
  </inheritedSolverBenchmark>

  <solverBenchmark>
    <name>Easy java</name>
    <solver>
      <scoreDirectorFactory>
        <easyScoreCalculatorClass>org.optaplanner.examples.vehiclerouting.solver.score.VehicleRoutingEasyScoreCalculator</easyScoreCalculatorClass>
      </scoreDirectorFactory>
    </solver>
  </solverBenchmark>
  <solverBenchmark>
    <name>Incremental java</name>
    <solver>
      <scoreDirectorFactory>
        <incrementalScoreCalculatorClass>org.optaplanner.examples.vehiclerouting.solver.score.VehicleRoutingIncrementalScoreCalculator</incrementalScoreCalculatorClass>
      </scoreDirectorFactory>
    </solver>
  </solverBenchmark>
  <solverBenchmark>
    <name>ConstraintStreams (Drools)</name>
    <solver>
      <scoreDirectorFactory>
        <constraintProviderClass>org.optaplanner.examples.vehiclerouting.optional.score.VehicleRoutingConstraintProvider</constraintProviderClass>
      </scoreDirectorFactory>
    </solver>
  </solverBenchmark>
  <solverBenchmark>
    <name>ConstraintStreams (Bavet)</name>
    <solver>
      <scoreDirectorFactory>
        <constraintStreamImplType>BAVET</constraintStreamImplType>
        <constraintProviderClass>org.optaplanner.examples.vehiclerouting.optional.score.VehicleRoutingConstraintProvider</constraintProviderClass>
      </scoreDirectorFactory>
    </solver>
  </solverBenchmark>
  <solverBenchmark>
    <name>DRL (Drools)</name>
    <solver>
      <scoreDirectorFactory>
        <scoreDrl>org/optaplanner/examples/vehiclerouting/solver/vehicleRoutingScoreRules.drl</scoreDrl>
      </scoreDirectorFactory>
    </solver>
  </solverBenchmark>
</plannerBenchmark>
